id,userId,qrCode,documents,serviceId,date,id,referenceNumber,status,createdAt,timeSlot,updatedAt,notes,departmentId
"citizen-apt-001","ny4QBNzjJ2UxyTMJnrkpuMG4Ulu2","QR-DL-CITIZEN-20241115","[]","demo-service-driving-license","2024-11-15T10:00:00.000Z","citizen-apt-001","GE-2024-DL-001","completed","2024-11-10T09:00:00.000Z","10:00-11:00","2024-11-15T11:30:00.000Z","First time driving license application - completed successfully","demo-dept-motor-traffic"
"citizen-apt-002","ny4QBNzjJ2UxyTMJnrkpuMG4Ulu2","QR-BC-CITIZEN-20241205","[]","demo-service-birth-certificate","2024-12-05T14:00:00.000Z","citizen-apt-002","GE-2024-BC-002","completed","2024-11-28T16:00:00.000Z","14:00-14:20","2024-12-05T14:45:00.000Z","Birth certificate for passport application - completed","demo-dept-registrar-general"
"citizen-apt-003","ny4QBNzjJ2UxyTMJnrkpuMG4Ulu2","QR-PP-CITIZEN-20241220","[]","demo-service-passport-application","2024-12-20T09:30:00.000Z","citizen-apt-003","GE-2024-PP-003","completed","2024-12-10T11:00:00.000Z","09:30-10:00","2024-12-20T11:00:00.000Z","New passport application - approved and completed","demo-dept-immigration"
"citizen-apt-004","ny4QBNzjJ2UxyTMJnrkpuMG4Ulu2","QR-VR-CITIZEN-20250218","[]","demo-service-vehicle-registration","2025-02-18T11:00:00.000Z","citizen-apt-004","GE-2025-VR-004","confirmed","2025-01-20T10:00:00.000Z","11:00-11:45","2025-01-20T15:30:00.000Z","New vehicle registration for Honda Civic 2024","demo-dept-motor-traffic"
"citizen-apt-005","ny4QBNzjJ2UxyTMJnrkpuMG4Ulu2","QR-TR-CITIZEN-20250225","[]","demo-service-tax-registration","2025-02-25T15:00:00.000Z","citizen-apt-005","GE-2025-TR-005","confirmed","2025-01-22T14:00:00.000Z","15:00-15:35","2025-01-22T16:00:00.000Z","Business tax registration for new consulting firm","demo-dept-inland-revenue"
"citizen-apt-006","ny4QBNzjJ2UxyTMJnrkpuMG4Ulu2","QR-MC-CITIZEN-20250310","[]","demo-service-marriage-certificate","2025-03-10T13:30:00.000Z","citizen-apt-006","GE-2025-MC-006","pending","2025-01-25T09:00:00.000Z","13:30-14:00","2025-01-25T09:00:00.000Z","Marriage certificate application - pending officer approval","demo-dept-registrar-general"
"citizen-apt-007","ny4QBNzjJ2UxyTMJnrkpuMG4Ulu2","QR-PR-CITIZEN-20250315","[]","demo-service-passport-renewal","2025-03-15T10:30:00.000Z","citizen-apt-007","GE-2025-PR-007","pending","2025-01-28T11:30:00.000Z","10:30-10:55","2025-01-28T11:30:00.000Z","Passport renewal - submitted for processing","demo-dept-immigration"
"demo-appointment-001","demo-citizen-001","QR-DL-001-20250120","[]","demo-service-driving-license","2025-01-20T10:00:00.000Z","demo-appointment-001","GE-2025-001","confirmed","2025-01-15T12:00:00.000Z","10:00-11:00","2025-01-15T14:00:00.000Z","First time driving license application","demo-dept-motor-traffic"
"demo-appointment-002","demo-citizen-002","QR-VR-002-20250118","[]","demo-service-vehicle-registration","2025-01-18T09:00:00.000Z","demo-appointment-002","GE-2025-002","completed","2025-01-12T08:00:00.000Z","09:00-09:45","2025-01-18T10:00:00.000Z","New car registration","demo-dept-motor-traffic"
"demo-appointment-003","demo-citizen-003","QR-BC-003-20250122","[]","demo-service-birth-certificate","2025-01-22T11:00:00.000Z","demo-appointment-003","GE-2025-003","confirmed","2025-01-17T14:30:00.000Z","11:00-11:20","2025-01-17T16:00:00.000Z","Birth certificate for passport application","demo-dept-registrar-general"
"demo-appointment-004","demo-citizen-004","QR-PP-004-20250125","[]","demo-service-passport-application","2025-01-25T14:00:00.000Z","demo-appointment-004","GE-2025-004","pending","2025-01-19T10:15:00.000Z","14:00-14:30","2025-01-19T10:15:00.000Z","New passport application","demo-dept-immigration"
"demo-appointment-005","demo-citizen-005","QR-TR-005-20250124","[]","demo-service-tax-registration","2025-01-24T13:30:00.000Z","demo-appointment-005","GE-2025-005","pending","2025-01-19T10:15:00.000Z","13:30-14:05","2025-01-19T10:15:00.000Z","Business tax registration","demo-dept-inland-revenue"
"demo-appointment-011","demo-citizen-006","QR-REGISTRATION-1-20250723","[]","demo-service-tax-registration","2025-07-22T22:58:23.064Z","demo-appointment-011","GE-2025-011","completed","2025-08-12T09:33:04.126Z","13:30-14:07","2025-08-02T18:18:53.512Z","Appointment for tax registration","demo-dept-inland-revenue"
"demo-appointment-012","demo-citizen-007","QR-CERTIFICATE-2-20250809","[]","demo-service-marriage-certificate","2025-08-09T12:01:10.787Z","demo-appointment-012","GE-2025-012","cancelled","2025-07-13T19:56:50.866Z","15:30-16:41","2025-08-02T15:15:10.961Z","Appointment for marriage certificate","demo-dept-registrar-general"
"demo-appointment-013","demo-citizen-008","QR-CERTIFICATE-3-20250725","[]","demo-service-birth-certificate","2025-07-25T17:56:30.006Z","demo-appointment-013","GE-2025-013","cancelled","2025-05-28T12:13:29.193Z","09:30-10:36","2025-08-07T10:28:33.834Z","Appointment for birth certificate","demo-dept-registrar-general"
"demo-appointment-014","demo-citizen-009","QR-CERTIFICATE-4-20250909","[]","demo-service-birth-certificate","2025-09-09T12:43:43.948Z","demo-appointment-014","GE-2025-014","confirmed","2025-06-16T12:21:08.562Z","10:30-11:21","2025-08-11T22:20:55.429Z","Appointment for birth certificate","demo-dept-inland-revenue"
"demo-appointment-015","demo-citizen-010","QR-EXTENSION-5-20250914","[]","demo-service-visa-extension","2025-09-13T22:42:19.988Z","demo-appointment-015","GE-2025-015","pending","2025-08-07T07:20:47.024Z","14:30-15:21","2025-08-05T12:24:55.582Z","Appointment for visa extension","demo-dept-inland-revenue"
"demo-appointment-016","demo-citizen-011","QR-CERTIFICATE-6-20250720","[]","demo-service-death-certificate","2025-07-20T06:42:15.788Z","demo-appointment-016","GE-2025-016","no-show","2025-07-25T15:03:24.067Z","15:30-16:42","2025-08-14T01:37:53.455Z","Appointment for death certificate","demo-dept-immigration"
"demo-appointment-017","demo-citizen-012","QR-LICENSE-7-20250908","[]","demo-service-driving-license","2025-09-08T17:02:14.178Z","demo-appointment-017","GE-2025-017","pending","2025-08-10T04:10:03.114Z","08:30-09:54","2025-08-07T05:21:55.450Z","Appointment for driving license","demo-dept-registrar-general"
"demo-appointment-018","demo-citizen-013","QR-REGISTRATION-8-20250908","[]","demo-service-vehicle-registration","2025-09-08T08:43:18.693Z","demo-appointment-018","GE-2025-018","confirmed","2025-05-26T17:22:04.114Z","09:30-10:00","2025-07-20T06:45:53.271Z","Appointment for vehicle registration","demo-dept-immigration"
"demo-appointment-019","demo-citizen-014","QR-REGISTRATION-9-20250821","[]","demo-service-vehicle-registration","2025-08-21T03:33:36.827Z","demo-appointment-019","GE-2025-019","confirmed","2025-05-30T03:48:37.829Z","14:30-15:35","2025-07-29T07:47:06.990Z","Appointment for vehicle registration","demo-dept-inland-revenue"
"demo-appointment-020","demo-citizen-015","QR-CERTIFICATE-10-20250812","[]","demo-service-death-certificate","2025-08-11T22:07:42.592Z","demo-appointment-020","GE-2025-020","completed","2025-08-15T03:27:30.471Z","14:30-15:22","2025-07-24T20:14:27.100Z","Appointment for death certificate","demo-dept-immigration"
"demo-appointment-021","demo-citizen-016","QR-FILING-11-20250726","[]","demo-service-tax-filing","2025-07-25T20:47:12.143Z","demo-appointment-021","GE-2025-021","cancelled","2025-06-07T21:48:23.303Z","10:00-10:42","2025-08-01T04:12:21.081Z","Appointment for tax filing","demo-dept-immigration"
"demo-appointment-022","demo-citizen-017","QR-EXTENSION-12-20250914","[]","demo-service-visa-extension","2025-09-13T18:51:47.533Z","demo-appointment-022","GE-2025-022","confirmed","2025-05-27T09:36:20.368Z","09:00-09:56","2025-07-17T20:01:48.109Z","Appointment for visa extension","demo-dept-inland-revenue"
"demo-appointment-023","demo-citizen-018","QR-LICENSE-13-20250915","[]","demo-service-driving-license","2025-09-15T16:29:21.389Z","demo-appointment-023","GE-2025-023","confirmed","2025-08-02T18:13:08.576Z","14:00-15:14","2025-07-20T08:27:03.472Z","Appointment for driving license","demo-dept-immigration"
"demo-appointment-024","demo-citizen-019","QR-REGISTRATION-14-20250720","[]","demo-service-vehicle-registration","2025-07-19T21:55:54.480Z","demo-appointment-024","GE-2025-024","completed","2025-06-13T07:02:40.895Z","14:00-14:40","2025-07-18T04:00:50.035Z","Appointment for vehicle registration","demo-dept-inland-revenue"
"demo-appointment-025","demo-citizen-020","QR-LICENSE-15-20250709","[]","demo-service-driving-license","2025-07-09T16:53:50.112Z","demo-appointment-025","GE-2025-025","completed","2025-06-21T21:00:56.220Z","08:30-09:17","2025-07-30T13:25:56.661Z","Appointment for driving license","demo-dept-motor-traffic"
"demo-appointment-026","demo-citizen-021","QR-CLEARANCE-16-20250806","[]","demo-service-tax-clearance","2025-08-06T08:31:32.974Z","demo-appointment-026","GE-2025-026","cancelled","2025-07-31T02:27:36.560Z","08:00-08:31","2025-07-22T15:48:09.394Z","Appointment for tax clearance","demo-dept-immigration"
"demo-appointment-027","demo-citizen-022","QR-RENEWAL-17-20250720","[]","demo-service-license-renewal","2025-07-20T01:03:53.355Z","demo-appointment-027","GE-2025-027","no-show","2025-06-16T00:16:27.824Z","11:30-12:57","2025-08-06T09:03:57.963Z","Appointment for license renewal","demo-dept-motor-traffic"
"demo-appointment-028","demo-citizen-023","QR-APPLICATION-18-20250829","[]","demo-service-passport-application","2025-08-28T18:30:32.719Z","demo-appointment-028","GE-2025-028","confirmed","2025-05-25T19:47:34.269Z","11:00-11:56","2025-08-06T07:57:38.091Z","Appointment for passport application","demo-dept-registrar-general"
"demo-appointment-029","demo-citizen-024","QR-RENEWAL-19-20250725","[]","demo-service-passport-renewal","2025-07-25T16:44:08.671Z","demo-appointment-029","GE-2025-029","completed","2025-07-11T21:33:31.578Z","10:30-11:34","2025-08-15T04:54:44.231Z","Appointment for passport renewal","demo-dept-registrar-general"
"demo-appointment-030","demo-citizen-025","QR-CERTIFICATE-20-20250710","[]","demo-service-birth-certificate","2025-07-09T19:46:07.623Z","demo-appointment-030","GE-2025-030","completed","2025-07-16T17:14:21.066Z","10:00-11:09","2025-08-16T07:23:25.927Z","Appointment for birth certificate","demo-dept-registrar-general"
"demo-appointment-031","demo-citizen-026","QR-RENEWAL-21-20250913","[]","demo-service-passport-renewal","2025-09-13T02:13:45.808Z","demo-appointment-031","GE-2025-031","confirmed","2025-07-06T02:07:33.336Z","14:00-14:55","2025-08-16T18:01:17.655Z","Appointment for passport renewal","demo-dept-motor-traffic"
"demo-appointment-032","demo-citizen-027","QR-EXTENSION-22-20250910","[]","demo-service-visa-extension","2025-09-10T07:21:38.966Z","demo-appointment-032","GE-2025-032","pending","2025-07-10T23:29:45.746Z","10:30-11:33","2025-08-04T23:10:13.110Z","Appointment for visa extension","demo-dept-inland-revenue"
"demo-appointment-033","demo-citizen-028","QR-APPLICATION-23-20250817","[]","demo-service-passport-application","2025-08-17T02:48:03.352Z","demo-appointment-033","GE-2025-033","confirmed","2025-08-05T13:45:26.890Z","13:30-14:44","2025-08-07T19:48:41.565Z","Appointment for passport application","demo-dept-registrar-general"
"demo-appointment-034","demo-citizen-029","QR-RENEWAL-24-20250821","[]","demo-service-passport-renewal","2025-08-21T05:23:50.890Z","demo-appointment-034","GE-2025-034","confirmed","2025-07-23T02:37:19.236Z","14:00-15:18","2025-08-06T06:56:51.056Z","Appointment for passport renewal","demo-dept-immigration"
"demo-appointment-035","demo-citizen-030","QR-FILING-25-20250915","[]","demo-service-tax-filing","2025-09-14T19:13:58.120Z","demo-appointment-035","GE-2025-035","confirmed","2025-07-18T03:59:05.690Z","15:00-16:19","2025-07-19T14:44:44.835Z","Appointment for tax filing","demo-dept-inland-revenue"
"demo-appointment-036","demo-citizen-031","QR-CLEARANCE-26-20250808","[]","demo-service-tax-clearance","2025-08-08T17:34:42.554Z","demo-appointment-036","GE-2025-036","cancelled","2025-05-27T18:29:27.998Z","10:00-11:20","2025-07-20T04:41:09.937Z","Appointment for tax clearance","demo-dept-motor-traffic"
"demo-appointment-037","demo-citizen-032","QR-CERTIFICATE-27-20250909","[]","demo-service-birth-certificate","2025-09-09T09:18:17.217Z","demo-appointment-037","GE-2025-037","pending","2025-05-18T19:25:19.434Z","16:00-16:37","2025-07-30T07:29:19.316Z","Appointment for birth certificate","demo-dept-inland-revenue"
"demo-appointment-038","demo-citizen-033","QR-REGISTRATION-28-20250903","[]","demo-service-vehicle-registration","2025-09-02T22:22:54.808Z","demo-appointment-038","GE-2025-038","pending","2025-06-12T03:34:48.809Z","11:30-12:55","2025-07-30T09:19:25.368Z","Appointment for vehicle registration","demo-dept-motor-traffic"
"demo-appointment-039","demo-citizen-034","QR-CERTIFICATE-29-20250722","[]","demo-service-birth-certificate","2025-07-21T22:45:31.660Z","demo-appointment-039","GE-2025-039","no-show","2025-06-16T19:43:35.202Z","14:00-15:21","2025-08-15T15:43:38.329Z","Appointment for birth certificate","demo-dept-registrar-general"
"demo-appointment-040","demo-citizen-035","QR-EXTENSION-30-20250802","[]","demo-service-visa-extension","2025-08-02T17:20:36.143Z","demo-appointment-040","GE-2025-040","cancelled","2025-07-14T10:52:54.393Z","09:00-09:45","2025-08-09T09:40:41.980Z","Appointment for visa extension","demo-dept-motor-traffic"
"demo-appointment-041","demo-citizen-036","QR-LICENSE-31-20250804","[]","demo-service-driving-license","2025-08-04T13:31:24.119Z","demo-appointment-041","GE-2025-041","no-show","2025-08-15T16:30:10.364Z","15:00-16:26","2025-08-09T09:28:02.972Z","Appointment for driving license","demo-dept-registrar-general"
"demo-appointment-042","demo-citizen-037","QR-RENEWAL-32-20250804","[]","demo-service-license-renewal","2025-08-04T05:45:39.465Z","demo-appointment-042","GE-2025-042","completed","2025-07-18T09:06:35.276Z","10:30-11:27","2025-08-14T17:44:56.846Z","Appointment for license renewal","demo-dept-inland-revenue"
"demo-appointment-043","demo-citizen-038","QR-CERTIFICATE-33-20250831","[]","demo-service-birth-certificate","2025-08-31T10:33:26.369Z","demo-appointment-043","GE-2025-043","confirmed","2025-07-14T10:40:32.739Z","11:00-11:32","2025-07-29T02:57:51.028Z","Appointment for birth certificate","demo-dept-motor-traffic"
"demo-appointment-044","demo-citizen-039","QR-CERTIFICATE-34-20250826","[]","demo-service-birth-certificate","2025-08-26T18:07:12.071Z","demo-appointment-044","GE-2025-044","pending","2025-06-26T20:10:28.556Z","09:30-10:57","2025-08-02T04:37:57.268Z","Appointment for birth certificate","demo-dept-inland-revenue"
"demo-appointment-045","demo-citizen-040","QR-RENEWAL-35-20250902","[]","demo-service-passport-renewal","2025-09-01T20:00:15.054Z","demo-appointment-045","GE-2025-045","pending","2025-08-14T23:48:55.453Z","10:00-10:55","2025-08-13T07:25:37.186Z","Appointment for passport renewal","demo-dept-inland-revenue"
"demo-appointment-046","demo-citizen-041","QR-RENEWAL-36-20250702","[]","demo-service-passport-renewal","2025-07-01T21:36:14.341Z","demo-appointment-046","GE-2025-046","completed","2025-07-22T01:33:08.794Z","09:30-10:52","2025-07-19T09:10:42.286Z","Appointment for passport renewal","demo-dept-inland-revenue"
"demo-appointment-047","demo-citizen-042","QR-REGISTRATION-37-20250822","[]","demo-service-vehicle-registration","2025-08-22T03:44:39.685Z","demo-appointment-047","GE-2025-047","pending","2025-07-25T22:31:24.751Z","14:00-15:05","2025-08-01T19:34:34.944Z","Appointment for vehicle registration","demo-dept-motor-traffic"
"demo-appointment-048","demo-citizen-043","QR-LICENSE-38-20250904","[]","demo-service-driving-license","2025-09-04T08:26:29.924Z","demo-appointment-048","GE-2025-048","confirmed","2025-08-06T03:09:51.443Z","15:00-16:28","2025-08-01T02:08:07.324Z","Appointment for driving license","demo-dept-immigration"
"demo-appointment-049","demo-citizen-044","QR-CERTIFICATE-39-20250712","[]","demo-service-birth-certificate","2025-07-12T17:52:14.833Z","demo-appointment-049","GE-2025-049","completed","2025-08-03T22:41:34.778Z","14:00-14:51","2025-07-18T16:57:27.165Z","Appointment for birth certificate","demo-dept-inland-revenue"
"demo-appointment-050","demo-citizen-045","QR-FILING-40-20250718","[]","demo-service-tax-filing","2025-07-18T09:47:48.623Z","demo-appointment-050","GE-2025-050","no-show","2025-06-26T12:26:28.006Z","09:30-10:31","2025-08-10T19:47:44.048Z","Appointment for tax filing","demo-dept-registrar-general"
"demo-appointment-051","demo-citizen-046","QR-REGISTRATION-41-20250812","[]","demo-service-vehicle-registration","2025-08-12T02:48:24.980Z","demo-appointment-051","GE-2025-051","no-show","2025-07-12T16:49:25.700Z","09:00-10:29","2025-08-11T02:10:39.805Z","Appointment for vehicle registration","demo-dept-inland-revenue"
"demo-appointment-052","demo-citizen-047","QR-RENEWAL-42-20250718","[]","demo-service-passport-renewal","2025-07-18T16:44:48.961Z","demo-appointment-052","GE-2025-052","completed","2025-07-13T20:05:54.460Z","11:00-12:15","2025-07-23T18:32:57.523Z","Appointment for passport renewal","demo-dept-registrar-general"
"demo-appointment-053","demo-citizen-048","QR-APPLICATION-43-20250815","[]","demo-service-passport-application","2025-08-15T13:04:28.992Z","demo-appointment-053","GE-2025-053","cancelled","2025-06-09T23:43:52.083Z","14:00-15:03","2025-08-01T19:19:04.322Z","Appointment for passport application","demo-dept-registrar-general"
"demo-appointment-054","demo-citizen-049","QR-APPLICATION-44-20250718","[]","demo-service-passport-application","2025-07-17T20:20:51.813Z","demo-appointment-054","GE-2025-054","completed","2025-05-25T13:39:08.963Z","15:30-16:06","2025-08-07T00:02:29.315Z","Appointment for passport application","demo-dept-registrar-general"
"demo-appointment-055","demo-citizen-050","QR-CERTIFICATE-45-20250828","[]","demo-service-death-certificate","2025-08-28T02:02:11.229Z","demo-appointment-055","GE-2025-055","pending","2025-06-08T00:25:42.322Z","13:00-13:51","2025-08-04T02:29:41.529Z","Appointment for death certificate","demo-dept-motor-traffic"
"demo-appointment-056","demo-citizen-051","QR-FILING-46-20250811","[]","demo-service-tax-filing","2025-08-11T13:11:15.696Z","demo-appointment-056","GE-2025-056","no-show","2025-07-28T13:21:32.969Z","08:00-09:10","2025-07-28T11:24:07.669Z","Appointment for tax filing","demo-dept-registrar-general"
"demo-appointment-057","demo-citizen-052","QR-RENEWAL-47-20250827","[]","demo-service-passport-renewal","2025-08-27T14:43:20.495Z","demo-appointment-057","GE-2025-057","confirmed","2025-08-08T08:03:54.383Z","15:00-15:55","2025-08-07T17:26:17.521Z","Appointment for passport renewal","demo-dept-registrar-general"
"demo-appointment-058","demo-citizen-053","QR-REGISTRATION-48-20250712","[]","demo-service-vehicle-registration","2025-07-11T19:08:19.502Z","demo-appointment-058","GE-2025-058","completed","2025-06-22T23:57:09.560Z","13:30-14:23","2025-07-20T13:24:44.825Z","Appointment for vehicle registration","demo-dept-inland-revenue"
"demo-appointment-059","demo-citizen-054","QR-REGISTRATION-49-20250830","[]","demo-service-tax-registration","2025-08-29T23:11:04.002Z","demo-appointment-059","GE-2025-059","pending","2025-07-05T16:36:40.498Z","15:30-16:36","2025-08-14T17:27:17.084Z","Appointment for tax registration","demo-dept-registrar-general"
"demo-appointment-060","demo-citizen-055","QR-LICENSE-50-20250824","[]","demo-service-driving-license","2025-08-24T07:57:15.246Z","demo-appointment-060","GE-2025-060","pending","2025-08-05T13:34:51.142Z","16:00-16:38","2025-08-06T18:36:08.149Z","Appointment for driving license","demo-dept-inland-revenue"
"demo-appointment-061","demo-citizen-001","QR-EXTENSION-51-20250729","[]","demo-service-visa-extension","2025-07-29T14:41:16.864Z","demo-appointment-061","GE-2025-061","no-show","2025-05-21T16:07:27.744Z","14:30-15:41","2025-08-15T04:24:41.363Z","Appointment for visa extension","demo-dept-immigration"
"demo-appointment-062","demo-citizen-001","QR-EXTENSION-52-20250727","[]","demo-service-visa-extension","2025-07-26T22:27:18.349Z","demo-appointment-062","GE-2025-062","no-show","2025-08-14T02:46:10.991Z","14:30-15:12","2025-08-07T15:32:03.832Z","Appointment for visa extension","demo-dept-inland-revenue"
"demo-appointment-063","demo-citizen-001","QR-LICENSE-53-20250714","[]","demo-service-driving-license","2025-07-14T02:20:23.330Z","demo-appointment-063","GE-2025-063","completed","2025-07-26T07:41:40.237Z","09:00-10:13","2025-07-23T07:36:42.407Z","Appointment for driving license","demo-dept-motor-traffic"
"demo-appointment-064","demo-citizen-001","QR-CLEARANCE-54-20250718","[]","demo-service-tax-clearance","2025-07-18T05:20:09.141Z","demo-appointment-064","GE-2025-064","cancelled","2025-07-31T16:46:23.820Z","10:00-11:22","2025-07-25T22:06:19.265Z","Appointment for tax clearance","demo-dept-immigration"
"demo-appointment-065","demo-citizen-001","QR-REGISTRATION-55-20250620","[]","demo-service-vehicle-registration","2025-06-20T14:57:15.449Z","demo-appointment-065","GE-2025-065","completed","2025-07-20T08:19:19.049Z","08:00-08:48","2025-08-14T09:58:43.675Z","Appointment for vehicle registration","demo-dept-inland-revenue"
"demo-appointment-066","demo-citizen-001","QR-CERTIFICATE-56-20250816","[]","demo-service-death-certificate","2025-08-16T11:35:41.832Z","demo-appointment-066","GE-2025-066","cancelled","2025-07-02T03:06:21.597Z","14:00-15:02","2025-08-08T03:28:02.335Z","Appointment for death certificate","demo-dept-immigration"
"demo-appointment-067","demo-citizen-001","QR-APPLICATION-57-20250720","[]","demo-service-passport-application","2025-07-20T14:04:47.967Z","demo-appointment-067","GE-2025-067","cancelled","2025-07-17T09:47:15.060Z","09:00-09:41","2025-08-15T19:57:32.131Z","Appointment for passport application","demo-dept-motor-traffic"
"demo-appointment-068","demo-citizen-001","QR-APPLICATION-58-20250805","[]","demo-service-passport-application","2025-08-05T10:10:22.174Z","demo-appointment-068","GE-2025-068","cancelled","2025-07-24T16:20:49.116Z","09:00-10:03","2025-07-18T10:16:56.929Z","Appointment for passport application","demo-dept-immigration"
"demo-appointment-069","demo-citizen-001","QR-CERTIFICATE-59-20250731","[]","demo-service-marriage-certificate","2025-07-31T01:14:45.859Z","demo-appointment-069","GE-2025-069","no-show","2025-05-27T15:06:56.803Z","14:30-15:49","2025-08-10T06:33:46.402Z","Appointment for marriage certificate","demo-dept-immigration"
"demo-appointment-070","demo-citizen-001","QR-REGISTRATION-60-20250730","[]","demo-service-tax-registration","2025-07-30T00:14:09.962Z","demo-appointment-070","GE-2025-070","cancelled","2025-05-18T23:13:43.217Z","15:30-16:26","2025-07-17T19:24:53.646Z","Appointment for tax registration","demo-dept-immigration"
"demo-appointment-071","demo-citizen-001","QR-REGISTRATION-61-20250720","[]","demo-service-tax-registration","2025-07-19T20:25:37.225Z","demo-appointment-071","GE-2025-071","cancelled","2025-08-02T18:39:18.247Z","13:30-14:48","2025-07-28T21:02:01.774Z","Appointment for tax registration","demo-dept-immigration"
"demo-appointment-072","demo-citizen-001","QR-RENEWAL-62-20250728","[]","demo-service-license-renewal","2025-07-28T14:10:08.215Z","demo-appointment-072","GE-2025-072","cancelled","2025-05-28T17:19:10.094Z","09:00-10:14","2025-07-19T06:19:32.463Z","Appointment for license renewal","demo-dept-immigration"
"demo-appointment-073","demo-citizen-001","QR-RENEWAL-63-20250811","[]","demo-service-license-renewal","2025-08-10T20:36:40.635Z","demo-appointment-073","GE-2025-073","no-show","2025-08-02T20:00:36.991Z","09:00-10:22","2025-07-23T02:50:49.512Z","Appointment for license renewal","demo-dept-inland-revenue"
"demo-appointment-074","demo-citizen-001","QR-APPLICATION-64-20250907","[]","demo-service-passport-application","2025-09-07T11:37:45.576Z","demo-appointment-074","GE-2025-074","confirmed","2025-07-20T11:43:44.629Z","09:00-09:54","2025-08-13T15:20:57.480Z","Appointment for passport application","demo-dept-inland-revenue"
"demo-appointment-075","demo-citizen-001","QR-CERTIFICATE-65-20250823","[]","demo-service-death-certificate","2025-08-22T20:26:51.244Z","demo-appointment-075","GE-2025-075","pending","2025-05-23T18:12:40.589Z","14:00-15:22","2025-08-13T07:49:09.071Z","Appointment for death certificate","demo-dept-inland-revenue"
"demo-appointment-076","demo-citizen-001","QR-RENEWAL-66-20250910","[]","demo-service-passport-renewal","2025-09-10T04:40:06.213Z","demo-appointment-076","GE-2025-076","pending","2025-07-09T14:05:52.847Z","09:00-10:06","2025-07-23T22:50:49.814Z","Appointment for passport renewal","demo-dept-inland-revenue"
"demo-appointment-077","demo-citizen-001","QR-REGISTRATION-67-20250827","[]","demo-service-tax-registration","2025-08-26T18:46:22.035Z","demo-appointment-077","GE-2025-077","pending","2025-05-22T19:16:18.254Z","11:00-11:40","2025-07-27T14:22:22.597Z","Appointment for tax registration","demo-dept-motor-traffic"
"demo-appointment-078","demo-citizen-001","QR-RENEWAL-68-20250909","[]","demo-service-license-renewal","2025-09-08T22:43:44.914Z","demo-appointment-078","GE-2025-078","confirmed","2025-05-24T04:59:59.929Z","08:00-08:59","2025-07-31T00:05:58.854Z","Appointment for license renewal","demo-dept-motor-traffic"
"demo-appointment-079","demo-citizen-001","QR-CERTIFICATE-69-20250809","[]","demo-service-birth-certificate","2025-08-09T00:56:43.048Z","demo-appointment-079","GE-2025-079","completed","2025-07-08T11:51:53.853Z","15:00-15:52","2025-08-10T23:41:58.962Z","Appointment for birth certificate","demo-dept-motor-traffic"
"demo-appointment-080","demo-citizen-001","QR-CERTIFICATE-70-20250809","[]","demo-service-birth-certificate","2025-08-09T10:00:19.366Z","demo-appointment-080","GE-2025-080","cancelled","2025-07-18T13:40:53.818Z","08:30-09:14","2025-07-21T21:59:29.415Z","Appointment for birth certificate","demo-dept-immigration"
"demo-appointment-081","demo-citizen-001","QR-CLEARANCE-71-20250803","[]","demo-service-tax-clearance","2025-08-03T02:03:34.762Z","demo-appointment-081","GE-2025-081","no-show","2025-07-22T13:44:47.633Z","10:00-11:00","2025-07-22T05:00:20.238Z","Appointment for tax clearance","demo-dept-motor-traffic"
"demo-appointment-082","demo-citizen-001","QR-APPLICATION-72-20250628","[]","demo-service-passport-application","2025-06-28T17:51:57.299Z","demo-appointment-082","GE-2025-082","completed","2025-06-03T20:39:41.086Z","14:30-15:07","2025-07-31T23:49:08.435Z","Appointment for passport application","demo-dept-registrar-general"
"demo-appointment-083","demo-citizen-001","QR-CERTIFICATE-73-20250810","[]","demo-service-birth-certificate","2025-08-10T12:06:25.179Z","demo-appointment-083","GE-2025-083","no-show","2025-07-13T12:36:32.486Z","11:00-12:08","2025-07-18T10:06:30.967Z","Appointment for birth certificate","demo-dept-immigration"
"demo-appointment-084","demo-citizen-001","QR-REGISTRATION-74-20250812","[]","demo-service-tax-registration","2025-08-12T06:42:14.824Z","demo-appointment-084","GE-2025-084","cancelled","2025-06-27T01:32:18.428Z","08:30-09:23","2025-08-11T23:25:41.700Z","Appointment for tax registration","demo-dept-registrar-general"
"demo-appointment-085","demo-citizen-001","QR-CLEARANCE-75-20250730","[]","demo-service-tax-clearance","2025-07-30T16:21:43.608Z","demo-appointment-085","GE-2025-085","no-show","2025-08-07T06:33:11.388Z","13:30-14:37","2025-08-05T00:32:28.651Z","Appointment for tax clearance","demo-dept-registrar-general"
"demo-appointment-086","demo-citizen-001","QR-RENEWAL-76-20250825","[]","demo-service-passport-renewal","2025-08-25T06:41:28.376Z","demo-appointment-086","GE-2025-086","pending","2025-07-17T21:35:05.089Z","13:00-14:00","2025-07-27T10:36:29.812Z","Appointment for passport renewal","demo-dept-immigration"
"demo-appointment-087","demo-citizen-001","QR-LICENSE-77-20250731","[]","demo-service-driving-license","2025-07-30T23:50:25.292Z","demo-appointment-087","GE-2025-087","cancelled","2025-07-02T04:00:50.486Z","14:30-15:42","2025-08-07T14:41:41.481Z","Appointment for driving license","demo-dept-registrar-general"
"demo-appointment-088","demo-citizen-001","QR-RENEWAL-78-20250910","[]","demo-service-passport-renewal","2025-09-10T05:38:00.899Z","demo-appointment-088","GE-2025-088","pending","2025-07-08T05:34:19.305Z","15:30-16:33","2025-07-27T04:02:33.516Z","Appointment for passport renewal","demo-dept-motor-traffic"
"demo-appointment-089","demo-citizen-001","QR-CLEARANCE-79-20250809","[]","demo-service-tax-clearance","2025-08-08T21:23:39.820Z","demo-appointment-089","GE-2025-089","cancelled","2025-08-01T11:02:28.608Z","16:00-16:36","2025-07-23T22:23:03.155Z","Appointment for tax clearance","demo-dept-motor-traffic"
"demo-appointment-090","demo-citizen-001","QR-CERTIFICATE-80-20250716","[]","demo-service-marriage-certificate","2025-07-16T08:17:11.749Z","demo-appointment-090","GE-2025-090","completed","2025-06-22T23:04:12.259Z","09:00-10:08","2025-08-02T16:48:43.664Z","Appointment for marriage certificate","demo-dept-inland-revenue"
"demo-appointment-091","demo-citizen-001","QR-REGISTRATION-81-20250710","[]","demo-service-tax-registration","2025-07-09T19:17:57.765Z","demo-appointment-091","GE-2025-091","completed","2025-05-31T03:31:52.440Z","09:00-10:07","2025-08-13T00:49:27.116Z","Appointment for tax registration","demo-dept-motor-traffic"
"demo-appointment-092","demo-citizen-001","QR-APPLICATION-82-20250908","[]","demo-service-passport-application","2025-09-08T10:40:09.916Z","demo-appointment-092","GE-2025-092","confirmed","2025-07-15T09:38:58.794Z","14:00-15:25","2025-07-24T11:19:48.269Z","Appointment for passport application","demo-dept-motor-traffic"
"demo-appointment-093","demo-citizen-001","QR-CERTIFICATE-83-20250720","[]","demo-service-birth-certificate","2025-07-20T14:48:58.619Z","demo-appointment-093","GE-2025-093","cancelled","2025-06-30T16:46:29.432Z","11:30-12:16","2025-08-05T08:26:45.870Z","Appointment for birth certificate","demo-dept-motor-traffic"
"demo-appointment-094","demo-citizen-001","QR-REGISTRATION-84-20250704","[]","demo-service-vehicle-registration","2025-07-04T08:24:09.955Z","demo-appointment-094","GE-2025-094","completed","2025-06-05T08:18:38.221Z","09:00-10:10","2025-08-09T22:18:29.577Z","Appointment for vehicle registration","demo-dept-registrar-general"
"demo-appointment-095","demo-citizen-001","QR-REGISTRATION-85-20250725","[]","demo-service-vehicle-registration","2025-07-25T05:52:39.057Z","demo-appointment-095","GE-2025-095","cancelled","2025-07-24T03:28:11.692Z","13:30-14:51","2025-08-12T04:44:47.511Z","Appointment for vehicle registration","demo-dept-motor-traffic"
"demo-appointment-096","demo-citizen-001","QR-FILING-86-20250726","[]","demo-service-tax-filing","2025-07-26T06:32:51.994Z","demo-appointment-096","GE-2025-096","cancelled","2025-06-09T02:52:46.840Z","16:00-17:08","2025-08-10T13:43:50.498Z","Appointment for tax filing","demo-dept-motor-traffic"
"demo-appointment-097","demo-citizen-001","QR-REGISTRATION-87-20250911","[]","demo-service-vehicle-registration","2025-09-11T10:31:00.627Z","demo-appointment-097","GE-2025-097","confirmed","2025-06-25T20:08:39.290Z","11:00-11:38","2025-07-18T06:36:48.703Z","Appointment for vehicle registration","demo-dept-immigration"
"demo-appointment-098","demo-citizen-001","QR-REGISTRATION-88-20250719","[]","demo-service-vehicle-registration","2025-07-18T23:22:07.316Z","demo-appointment-098","GE-2025-098","completed","2025-07-02T23:06:29.713Z","09:00-10:05","2025-08-03T08:35:38.034Z","Appointment for vehicle registration","demo-dept-motor-traffic"
"demo-appointment-099","demo-citizen-001","QR-REGISTRATION-89-20250705","[]","demo-service-tax-registration","2025-07-05T10:31:39.591Z","demo-appointment-099","GE-2025-099","completed","2025-08-15T08:31:18.256Z","15:30-16:39","2025-08-08T10:56:50.519Z","Appointment for tax registration","demo-dept-immigration"
"demo-appointment-100","demo-citizen-001","QR-RENEWAL-90-20250729","[]","demo-service-license-renewal","2025-07-29T10:37:38.784Z","demo-appointment-100","GE-2025-100","completed","2025-05-24T00:07:51.238Z","13:30-14:27","2025-07-25T18:38:33.380Z","Appointment for license renewal","demo-dept-registrar-general"
"demo-appointment-101","demo-citizen-001","QR-CERTIFICATE-91-20250812","[]","demo-service-birth-certificate","2025-08-12T05:51:01.054Z","demo-appointment-101","GE-2025-101","cancelled","2025-05-31T13:14:14.698Z","08:30-09:42","2025-08-16T12:22:34.696Z","Appointment for birth certificate","demo-dept-inland-revenue"
"demo-appointment-102","demo-citizen-001","QR-CERTIFICATE-92-20250813","[]","demo-service-birth-certificate","2025-08-13T06:17:27.224Z","demo-appointment-102","GE-2025-102","cancelled","2025-06-26T16:31:29.690Z","16:00-17:08","2025-08-14T22:30:41.318Z","Appointment for birth certificate","demo-dept-motor-traffic"
"demo-appointment-103","demo-citizen-001","QR-EXTENSION-93-20250804","[]","demo-service-visa-extension","2025-08-04T05:38:45.697Z","demo-appointment-103","GE-2025-103","cancelled","2025-07-03T18:35:00.351Z","13:30-14:41","2025-08-01T05:55:03.087Z","Appointment for visa extension","demo-dept-registrar-general"
"demo-appointment-104","demo-citizen-001","QR-RENEWAL-94-20250715","[]","demo-service-license-renewal","2025-07-15T08:58:52.317Z","demo-appointment-104","GE-2025-104","completed","2025-07-08T19:58:02.760Z","13:00-13:33","2025-07-30T00:30:02.161Z","Appointment for license renewal","demo-dept-inland-revenue"
"demo-appointment-105","demo-citizen-001","QR-EXTENSION-95-20250905","[]","demo-service-visa-extension","2025-09-05T09:00:23.991Z","demo-appointment-105","GE-2025-105","pending","2025-07-03T00:29:13.695Z","13:30-14:53","2025-07-24T18:49:18.932Z","Appointment for visa extension","demo-dept-motor-traffic"
"demo-appointment-106","demo-citizen-001","QR-RENEWAL-96-20250911","[]","demo-service-passport-renewal","2025-09-11T05:29:04.833Z","demo-appointment-106","GE-2025-106","confirmed","2025-08-08T17:21:23.823Z","08:30-09:30","2025-07-18T20:21:30.353Z","Appointment for passport renewal","demo-dept-registrar-general"
"demo-appointment-107","demo-citizen-001","QR-LICENSE-97-20250909","[]","demo-service-driving-license","2025-09-09T17:28:08.515Z","demo-appointment-107","GE-2025-107","confirmed","2025-06-25T19:51:30.082Z","10:30-11:36","2025-08-08T10:29:21.778Z","Appointment for driving license","demo-dept-immigration"
"demo-appointment-108","demo-citizen-001","QR-CERTIFICATE-98-20250730","[]","demo-service-birth-certificate","2025-07-30T05:04:43.458Z","demo-appointment-108","GE-2025-108","cancelled","2025-08-11T16:38:23.941Z","11:30-12:30","2025-08-16T02:09:43.531Z","Appointment for birth certificate","demo-dept-registrar-general"
"demo-appointment-109","demo-citizen-001","QR-FILING-99-20250723","[]","demo-service-tax-filing","2025-07-23T08:11:49.717Z","demo-appointment-109","GE-2025-109","no-show","2025-05-20T05:52:33.124Z","11:00-11:42","2025-08-10T06:02:27.106Z","Appointment for tax filing","demo-dept-immigration"
"demo-appointment-110","demo-citizen-001","QR-CERTIFICATE-100-20250901","[]","demo-service-death-certificate","2025-08-31T22:35:34.904Z","demo-appointment-110","GE-2025-110","confirmed","2025-06-05T03:04:37.039Z","10:30-11:28","2025-08-08T16:28:51.010Z","Appointment for death certificate","demo-dept-registrar-general"
"demo-appointment-111","demo-citizen-001","QR-EXTENSION-101-20250816","[]","demo-service-visa-extension","2025-08-16T02:54:58.477Z","demo-appointment-111","GE-2025-111","no-show","2025-08-09T05:06:50.840Z","15:30-16:29","2025-07-23T17:12:51.637Z","Appointment for visa extension","demo-dept-motor-traffic"
"demo-appointment-112","demo-citizen-001","QR-CERTIFICATE-102-20250811","[]","demo-service-marriage-certificate","2025-08-11T05:04:32.078Z","demo-appointment-112","GE-2025-112","completed","2025-05-27T01:07:06.292Z","09:30-10:13","2025-08-10T18:37:25.081Z","Appointment for marriage certificate","demo-dept-registrar-general"
"demo-appointment-113","demo-citizen-001","QR-CERTIFICATE-103-20250813","[]","demo-service-death-certificate","2025-08-13T09:43:28.623Z","demo-appointment-113","GE-2025-113","no-show","2025-06-19T07:55:59.680Z","14:00-14:51","2025-08-14T04:39:07.287Z","Appointment for death certificate","demo-dept-registrar-general"
"demo-appointment-114","demo-citizen-001","QR-LICENSE-104-20250806","[]","demo-service-driving-license","2025-08-06T16:10:33.363Z","demo-appointment-114","GE-2025-114","no-show","2025-08-07T21:25:27.524Z","11:30-12:54","2025-08-05T05:19:04.125Z","Appointment for driving license","demo-dept-immigration"
"demo-appointment-115","demo-citizen-001","QR-CERTIFICATE-105-20250825","[]","demo-service-birth-certificate","2025-08-25T00:41:20.984Z","demo-appointment-115","GE-2025-115","confirmed","2025-05-23T06:51:29.597Z","14:00-14:31","2025-08-08T17:25:10.322Z","Appointment for birth certificate","demo-dept-immigration"
"demo-appointment-116","demo-citizen-001","QR-REGISTRATION-106-20250723","[]","demo-service-tax-registration","2025-07-22T19:37:29.705Z","demo-appointment-116","GE-2025-116","no-show","2025-06-03T16:20:39.295Z","10:00-11:21","2025-08-16T00:31:14.169Z","Appointment for tax registration","demo-dept-motor-traffic"
"demo-appointment-117","demo-citizen-001","QR-REGISTRATION-107-20250831","[]","demo-service-vehicle-registration","2025-08-31T03:17:00.375Z","demo-appointment-117","GE-2025-117","confirmed","2025-06-20T18:41:11.203Z","15:30-16:45","2025-07-24T22:36:01.546Z","Appointment for vehicle registration","demo-dept-motor-traffic"
"demo-appointment-118","demo-citizen-001","QR-CERTIFICATE-108-20250822","[]","demo-service-death-certificate","2025-08-22T11:15:09.454Z","demo-appointment-118","GE-2025-118","pending","2025-08-02T02:08:38.612Z","10:00-11:17","2025-07-25T06:56:15.237Z","Appointment for death certificate","demo-dept-inland-revenue"
"demo-appointment-119","demo-citizen-001","QR-CERTIFICATE-109-20250808","[]","demo-service-marriage-certificate","2025-08-08T02:54:27.199Z","demo-appointment-119","GE-2025-119","cancelled","2025-08-01T06:18:57.892Z","14:00-15:10","2025-07-26T12:47:22.996Z","Appointment for marriage certificate","demo-dept-immigration"
"demo-appointment-120","demo-citizen-001","QR-EXTENSION-110-20250721","[]","demo-service-visa-extension","2025-07-21T08:52:12.197Z","demo-appointment-120","GE-2025-120","no-show","2025-07-19T02:13:35.523Z","08:30-09:59","2025-08-06T11:59:24.369Z","Appointment for visa extension","demo-dept-registrar-general"
"demo-appointment-121","demo-citizen-001","QR-REGISTRATION-111-20250819","[]","demo-service-vehicle-registration","2025-08-19T11:52:07.166Z","demo-appointment-121","GE-2025-121","confirmed","2025-05-23T02:42:47.230Z","08:30-09:48","2025-07-25T16:58:54.264Z","Appointment for vehicle registration","demo-dept-registrar-general"
"demo-appointment-122","demo-citizen-001","QR-EXTENSION-112-20250730","[]","demo-service-visa-extension","2025-07-30T14:17:48.393Z","demo-appointment-122","GE-2025-122","completed","2025-05-21T07:51:46.076Z","08:30-09:18","2025-08-11T07:50:38.952Z","Appointment for visa extension","demo-dept-registrar-general"
"demo-appointment-123","demo-citizen-001","QR-RENEWAL-113-20250626","[]","demo-service-passport-renewal","2025-06-25T19:10:47.137Z","demo-appointment-123","GE-2025-123","completed","2025-07-18T08:54:32.959Z","08:30-09:46","2025-08-13T11:45:45.438Z","Appointment for passport renewal","demo-dept-motor-traffic"
"demo-appointment-124","demo-citizen-001","QR-RENEWAL-114-20250822","[]","demo-service-passport-renewal","2025-08-22T17:21:41.734Z","demo-appointment-124","GE-2025-124","pending","2025-06-24T02:15:00.000Z","08:30-09:06","2025-08-06T06:49:55.215Z","Appointment for passport renewal","demo-dept-registrar-general"
"demo-appointment-125","demo-citizen-001","QR-REGISTRATION-115-20250814","[]","demo-service-tax-registration","2025-08-13T21:14:04.475Z","demo-appointment-125","GE-2025-125","cancelled","2025-06-10T13:05:24.855Z","13:30-14:09","2025-07-20T13:20:59.675Z","Appointment for tax registration","demo-dept-inland-revenue"
"demo-appointment-126","demo-citizen-001","QR-REGISTRATION-116-20250724","[]","demo-service-vehicle-registration","2025-07-24T02:22:34.640Z","demo-appointment-126","GE-2025-126","completed","2025-07-05T11:29:49.792Z","13:30-14:21","2025-07-31T10:22:47.124Z","Appointment for vehicle registration","demo-dept-inland-revenue"
"demo-appointment-127","demo-citizen-001","QR-REGISTRATION-117-20250821","[]","demo-service-vehicle-registration","2025-08-21T12:37:01.208Z","demo-appointment-127","GE-2025-127","pending","2025-06-17T15:38:50.499Z","08:30-09:06","2025-08-04T04:15:24.078Z","Appointment for vehicle registration","demo-dept-motor-traffic"
"demo-appointment-128","demo-citizen-001","QR-RENEWAL-118-20250702","[]","demo-service-passport-renewal","2025-07-02T18:18:21.384Z","demo-appointment-128","GE-2025-128","completed","2025-06-05T04:16:37.377Z","11:00-11:50","2025-07-30T14:47:48.254Z","Appointment for passport renewal","demo-dept-inland-revenue"
"demo-appointment-129","demo-citizen-001","QR-RENEWAL-119-20250725","[]","demo-service-passport-renewal","2025-07-25T08:29:34.478Z","demo-appointment-129","GE-2025-129","completed","2025-05-25T01:26:33.360Z","15:00-15:47","2025-08-08T17:15:04.885Z","Appointment for passport renewal","demo-dept-registrar-general"
"demo-appointment-130","demo-citizen-001","QR-FILING-120-20250823","[]","demo-service-tax-filing","2025-08-23T14:48:21.518Z","demo-appointment-130","GE-2025-130","pending","2025-07-15T23:24:53.924Z","10:30-11:00","2025-07-30T13:57:28.679Z","Appointment for tax filing","demo-dept-motor-traffic"
"demo-appointment-131","demo-citizen-001","QR-EXTENSION-121-20250808","[]","demo-service-visa-extension","2025-08-08T09:30:12.601Z","demo-appointment-131","GE-2025-131","no-show","2025-08-09T22:43:54.377Z","16:00-16:38","2025-08-14T11:48:25.169Z","Appointment for visa extension","demo-dept-registrar-general"
"demo-appointment-132","demo-citizen-001","QR-RENEWAL-122-20250716","[]","demo-service-passport-renewal","2025-07-16T01:24:30.640Z","demo-appointment-132","GE-2025-132","completed","2025-07-24T21:38:06.109Z","16:00-17:16","2025-08-07T16:39:26.968Z","Appointment for passport renewal","demo-dept-inland-revenue"
"demo-appointment-133","demo-citizen-001","QR-REGISTRATION-123-20250729","[]","demo-service-tax-registration","2025-07-29T06:22:03.760Z","demo-appointment-133","GE-2025-133","no-show","2025-07-09T23:42:50.056Z","16:00-16:33","2025-07-21T16:39:02.078Z","Appointment for tax registration","demo-dept-immigration"
"demo-appointment-134","demo-citizen-001","QR-CERTIFICATE-124-20250802","[]","demo-service-birth-certificate","2025-08-02T09:04:47.356Z","demo-appointment-134","GE-2025-134","no-show","2025-08-07T15:16:06.305Z","13:00-14:03","2025-08-04T13:59:07.751Z","Appointment for birth certificate","demo-dept-motor-traffic"
"demo-appointment-135","demo-citizen-001","QR-REGISTRATION-125-20250911","[]","demo-service-vehicle-registration","2025-09-11T06:06:31.106Z","demo-appointment-135","GE-2025-135","pending","2025-07-02T05:19:38.233Z","13:00-13:35","2025-08-14T21:58:31.960Z","Appointment for vehicle registration","demo-dept-inland-revenue"
"demo-appointment-136","demo-citizen-001","QR-FILING-126-20250914","[]","demo-service-tax-filing","2025-09-13T21:52:29.803Z","demo-appointment-136","GE-2025-136","confirmed","2025-08-02T22:44:21.731Z","10:00-10:55","2025-07-27T19:21:20.669Z","Appointment for tax filing","demo-dept-immigration"
"demo-appointment-137","demo-citizen-001","QR-CERTIFICATE-127-20250729","[]","demo-service-marriage-certificate","2025-07-29T17:35:27.354Z","demo-appointment-137","GE-2025-137","no-show","2025-07-12T15:47:28.822Z","09:00-10:02","2025-07-31T17:07:57.936Z","Appointment for marriage certificate","demo-dept-immigration"
"demo-appointment-138","demo-citizen-001","QR-LICENSE-128-20250909","[]","demo-service-driving-license","2025-09-08T22:40:33.464Z","demo-appointment-138","GE-2025-138","pending","2025-07-29T12:45:01.974Z","09:00-10:01","2025-07-28T00:12:56.985Z","Appointment for driving license","demo-dept-motor-traffic"
"demo-appointment-139","demo-citizen-001","QR-FILING-129-20250824","[]","demo-service-tax-filing","2025-08-24T15:37:56.139Z","demo-appointment-139","GE-2025-139","confirmed","2025-07-31T19:48:15.003Z","10:00-11:12","2025-08-13T13:03:23.549Z","Appointment for tax filing","demo-dept-inland-revenue"
"demo-appointment-140","demo-citizen-001","QR-CERTIFICATE-130-20250810","[]","demo-service-marriage-certificate","2025-08-10T08:47:53.210Z","demo-appointment-140","GE-2025-140","completed","2025-06-28T11:57:30.589Z","09:00-09:32","2025-08-13T17:00:53.908Z","Appointment for marriage certificate","demo-dept-immigration"
"demo-appointment-141","demo-citizen-001","QR-RENEWAL-131-20250710","[]","demo-service-license-renewal","2025-07-10T01:54:15.230Z","demo-appointment-141","GE-2025-141","completed","2025-05-23T10:25:18.889Z","16:00-17:09","2025-08-03T00:19:35.996Z","Appointment for license renewal","demo-dept-inland-revenue"
"demo-appointment-142","demo-citizen-001","QR-APPLICATION-132-20250718","[]","demo-service-passport-application","2025-07-18T01:01:35.336Z","demo-appointment-142","GE-2025-142","no-show","2025-07-29T12:57:38.689Z","14:30-15:32","2025-07-22T06:27:17.418Z","Appointment for passport application","demo-dept-registrar-general"
"demo-appointment-143","demo-citizen-001","QR-REGISTRATION-133-20250908","[]","demo-service-tax-registration","2025-09-07T23:01:55.807Z","demo-appointment-143","GE-2025-143","pending","2025-07-02T17:39:20.164Z","08:30-09:44","2025-08-13T19:39:10.206Z","Appointment for tax registration","demo-dept-immigration"
"demo-appointment-144","demo-citizen-001","QR-REGISTRATION-134-20250801","[]","demo-service-tax-registration","2025-08-01T11:48:52.295Z","demo-appointment-144","GE-2025-144","completed","2025-07-12T17:27:26.711Z","15:30-16:05","2025-08-08T20:16:43.472Z","Appointment for tax registration","demo-dept-inland-revenue"
"demo-appointment-145","demo-citizen-001","QR-EXTENSION-135-20250804","[]","demo-service-visa-extension","2025-08-04T00:31:08.471Z","demo-appointment-145","GE-2025-145","no-show","2025-07-19T17:00:26.366Z","09:30-10:40","2025-07-21T01:46:54.964Z","Appointment for visa extension","demo-dept-inland-revenue"
"demo-appointment-146","demo-citizen-001","QR-RENEWAL-136-20250805","[]","demo-service-passport-renewal","2025-08-05T18:13:04.612Z","demo-appointment-146","GE-2025-146","no-show","2025-08-08T04:12:20.364Z","13:00-13:35","2025-08-03T14:32:28.231Z","Appointment for passport renewal","demo-dept-motor-traffic"
"demo-appointment-147","demo-citizen-001","QR-CERTIFICATE-137-20250704","[]","demo-service-marriage-certificate","2025-07-04T16:44:16.086Z","demo-appointment-147","GE-2025-147","completed","2025-06-25T07:58:06.433Z","13:30-14:54","2025-08-06T19:07:22.115Z","Appointment for marriage certificate","demo-dept-motor-traffic"
"demo-appointment-148","demo-citizen-001","QR-RENEWAL-138-20250911","[]","demo-service-passport-renewal","2025-09-11T01:05:06.137Z","demo-appointment-148","GE-2025-148","confirmed","2025-06-11T08:43:10.987Z","16:00-16:53","2025-08-14T17:10:53.812Z","Appointment for passport renewal","demo-dept-motor-traffic"
"demo-appointment-149","demo-citizen-001","QR-APPLICATION-139-20250828","[]","demo-service-passport-application","2025-08-27T23:22:37.473Z","demo-appointment-149","GE-2025-149","pending","2025-06-18T20:02:25.201Z","14:30-15:19","2025-08-06T09:21:25.935Z","Appointment for passport application","demo-dept-inland-revenue"
"demo-appointment-150","demo-citizen-001","QR-RENEWAL-140-20250719","[]","demo-service-license-renewal","2025-07-19T15:48:34.394Z","demo-appointment-150","GE-2025-150","cancelled","2025-07-20T11:56:59.403Z","11:30-12:53","2025-07-30T09:44:51.658Z","Appointment for license renewal","demo-dept-registrar-general"
"demo-appointment-151","demo-citizen-001","QR-RENEWAL-141-20250816","[]","demo-service-license-renewal","2025-08-16T05:59:50.648Z","demo-appointment-151","GE-2025-151","no-show","2025-07-14T00:33:28.708Z","08:30-09:03","2025-08-03T20:11:06.110Z","Appointment for license renewal","demo-dept-inland-revenue"
"demo-appointment-152","demo-citizen-001","QR-CERTIFICATE-142-20250825","[]","demo-service-death-certificate","2025-08-25T05:02:47.603Z","demo-appointment-152","GE-2025-152","confirmed","2025-07-21T17:07:23.308Z","08:00-09:21","2025-08-16T04:11:01.588Z","Appointment for death certificate","demo-dept-immigration"
"demo-appointment-153","demo-citizen-001","QR-LICENSE-143-20250726","[]","demo-service-driving-license","2025-07-26T12:42:39.177Z","demo-appointment-153","GE-2025-153","no-show","2025-06-12T01:04:41.373Z","13:00-14:15","2025-07-17T18:52:04.934Z","Appointment for driving license","demo-dept-immigration"
"demo-appointment-154","demo-citizen-001","QR-EXTENSION-144-20250811","[]","demo-service-visa-extension","2025-08-11T06:30:19.385Z","demo-appointment-154","GE-2025-154","completed","2025-07-20T21:13:44.434Z","11:00-11:49","2025-08-01T04:56:47.939Z","Appointment for visa extension","demo-dept-motor-traffic"
"demo-appointment-155","demo-citizen-001","QR-RENEWAL-145-20250722","[]","demo-service-license-renewal","2025-07-22T02:31:03.711Z","demo-appointment-155","GE-2025-155","no-show","2025-06-26T07:05:41.473Z","08:00-08:34","2025-07-26T12:28:33.251Z","Appointment for license renewal","demo-dept-immigration"
"demo-appointment-156","demo-citizen-001","QR-RENEWAL-146-20250806","[]","demo-service-license-renewal","2025-08-06T00:11:17.982Z","demo-appointment-156","GE-2025-156","completed","2025-06-11T17:39:01.764Z","15:00-15:45","2025-08-09T04:08:48.420Z","Appointment for license renewal","demo-dept-inland-revenue"
"demo-appointment-157","demo-citizen-001","QR-FILING-147-20250817","[]","demo-service-tax-filing","2025-08-17T06:45:16.467Z","demo-appointment-157","GE-2025-157","confirmed","2025-08-16T13:09:01.964Z","10:30-11:58","2025-08-03T11:09:34.291Z","Appointment for tax filing","demo-dept-registrar-general"
"demo-appointment-158","demo-citizen-001","QR-REGISTRATION-148-20250822","[]","demo-service-tax-registration","2025-08-21T19:06:25.308Z","demo-appointment-158","GE-2025-158","confirmed","2025-08-16T07:43:17.108Z","10:30-11:59","2025-07-23T08:14:38.685Z","Appointment for tax registration","demo-dept-motor-traffic"
"demo-appointment-159","demo-citizen-001","QR-CERTIFICATE-149-20250718","[]","demo-service-birth-certificate","2025-07-18T15:34:27.549Z","demo-appointment-159","GE-2025-159","cancelled","2025-06-18T18:31:24.014Z","09:00-10:02","2025-07-30T23:38:45.327Z","Appointment for birth certificate","demo-dept-inland-revenue"
"demo-appointment-160","demo-citizen-001","QR-LICENSE-150-20250805","[]","demo-service-driving-license","2025-08-05T02:48:58.398Z","demo-appointment-160","GE-2025-160","cancelled","2025-05-28T22:53:42.065Z","09:30-10:34","2025-08-03T01:48:53.056Z","Appointment for driving license","demo-dept-inland-revenue"
"demo-appointment-161","demo-citizen-001","QR-RENEWAL-151-20250729","[]","demo-service-passport-renewal","2025-07-29T16:24:01.087Z","demo-appointment-161","GE-2025-161","completed","2025-07-15T12:14:12.053Z","15:30-16:34","2025-07-19T03:54:01.256Z","Appointment for passport renewal","demo-dept-immigration"
"demo-appointment-162","demo-citizen-001","QR-CERTIFICATE-152-20250708","[]","demo-service-death-certificate","2025-07-08T16:46:50.221Z","demo-appointment-162","GE-2025-162","completed","2025-07-20T21:27:58.149Z","11:30-12:48","2025-08-13T08:21:44.974Z","Appointment for death certificate","demo-dept-registrar-general"
"demo-appointment-163","demo-citizen-001","QR-APPLICATION-153-20250701","[]","demo-service-passport-application","2025-07-01T11:29:10.524Z","demo-appointment-163","GE-2025-163","completed","2025-07-14T08:44:26.866Z","13:30-14:41","2025-07-17T23:19:00.276Z","Appointment for passport application","demo-dept-motor-traffic"
"demo-appointment-164","demo-citizen-001","QR-CERTIFICATE-154-20250801","[]","demo-service-death-certificate","2025-08-01T01:24:33.085Z","demo-appointment-164","GE-2025-164","no-show","2025-07-23T10:41:28.841Z","14:00-14:55","2025-07-29T21:46:05.588Z","Appointment for death certificate","demo-dept-motor-traffic"
"demo-appointment-165","demo-citizen-001","QR-FILING-155-20250725","[]","demo-service-tax-filing","2025-07-25T12:18:44.841Z","demo-appointment-165","GE-2025-165","no-show","2025-07-20T11:09:25.826Z","15:30-16:41","2025-08-14T05:13:13.129Z","Appointment for tax filing","demo-dept-registrar-general"
"demo-appointment-166","demo-citizen-001","QR-FILING-156-20250813","[]","demo-service-tax-filing","2025-08-13T17:14:30.829Z","demo-appointment-166","GE-2025-166","cancelled","2025-07-30T02:17:42.439Z","11:00-12:26","2025-07-27T11:20:56.694Z","Appointment for tax filing","demo-dept-immigration"
"demo-appointment-167","demo-citizen-001","QR-LICENSE-157-20250705","[]","demo-service-driving-license","2025-07-05T08:43:19.149Z","demo-appointment-167","GE-2025-167","completed","2025-07-29T15:41:50.673Z","11:00-11:40","2025-07-25T03:43:51.911Z","Appointment for driving license","demo-dept-motor-traffic"
"demo-appointment-168","demo-citizen-001","QR-EXTENSION-158-20250801","[]","demo-service-visa-extension","2025-08-01T07:17:04.293Z","demo-appointment-168","GE-2025-168","cancelled","2025-06-07T09:54:37.772Z","08:00-09:23","2025-08-12T05:19:20.997Z","Appointment for visa extension","demo-dept-motor-traffic"
"demo-appointment-169","demo-citizen-001","QR-CLEARANCE-159-20250731","[]","demo-service-tax-clearance","2025-07-30T18:48:20.794Z","demo-appointment-169","GE-2025-169","no-show","2025-07-07T05:01:42.076Z","13:00-14:18","2025-08-08T03:25:23.945Z","Appointment for tax clearance","demo-dept-registrar-general"
"demo-appointment-170","demo-citizen-001","QR-REGISTRATION-160-20250831","[]","demo-service-tax-registration","2025-08-31T01:52:38.505Z","demo-appointment-170","GE-2025-170","confirmed","2025-07-07T23:53:39.240Z","08:30-09:53","2025-08-12T20:43:20.874Z","Appointment for tax registration","demo-dept-immigration"
"demo-appointment-171","demo-citizen-001","QR-CLEARANCE-161-20250910","[]","demo-service-tax-clearance","2025-09-10T13:19:15.644Z","demo-appointment-171","GE-2025-171","pending","2025-07-16T11:48:54.499Z","15:00-15:47","2025-07-30T00:52:24.118Z","Appointment for tax clearance","demo-dept-registrar-general"
"demo-appointment-172","demo-citizen-001","QR-RENEWAL-162-20250802","[]","demo-service-passport-renewal","2025-08-02T17:42:27.488Z","demo-appointment-172","GE-2025-172","no-show","2025-07-09T20:30:29.465Z","08:00-09:02","2025-07-24T20:31:23.827Z","Appointment for passport renewal","demo-dept-registrar-general"
"demo-appointment-173","demo-citizen-001","QR-FILING-163-20250808","[]","demo-service-tax-filing","2025-08-07T21:12:59.740Z","demo-appointment-173","GE-2025-173","cancelled","2025-06-19T07:47:38.511Z","15:30-16:29","2025-07-30T12:20:56.663Z","Appointment for tax filing","demo-dept-registrar-general"
"demo-appointment-174","demo-citizen-001","QR-LICENSE-164-20250724","[]","demo-service-driving-license","2025-07-24T06:03:52.443Z","demo-appointment-174","GE-2025-174","completed","2025-07-23T04:49:10.926Z","08:00-08:48","2025-08-05T13:11:50.849Z","Appointment for driving license","demo-dept-registrar-general"
"demo-appointment-175","demo-citizen-001","QR-REGISTRATION-165-20250709","[]","demo-service-tax-registration","2025-07-09T15:19:56.042Z","demo-appointment-175","GE-2025-175","completed","2025-06-30T11:53:37.360Z","14:00-14:42","2025-08-04T14:11:18.098Z","Appointment for tax registration","demo-dept-inland-revenue"
"demo-appointment-176","demo-citizen-001","QR-EXTENSION-166-20250812","[]","demo-service-visa-extension","2025-08-12T17:05:47.122Z","demo-appointment-176","GE-2025-176","cancelled","2025-06-20T22:13:06.671Z","14:00-14:51","2025-08-15T14:07:05.377Z","Appointment for visa extension","demo-dept-registrar-general"
"demo-appointment-177","demo-citizen-001","QR-FILING-167-20250725","[]","demo-service-tax-filing","2025-07-25T11:35:20.549Z","demo-appointment-177","GE-2025-177","no-show","2025-07-31T11:05:56.610Z","16:00-17:01","2025-07-27T05:24:11.135Z","Appointment for tax filing","demo-dept-registrar-general"
"demo-appointment-178","demo-citizen-001","QR-EXTENSION-168-20250913","[]","demo-service-visa-extension","2025-09-13T01:37:25.824Z","demo-appointment-178","GE-2025-178","confirmed","2025-08-05T01:28:27.584Z","11:00-12:23","2025-08-02T02:39:02.435Z","Appointment for visa extension","demo-dept-registrar-general"
"demo-appointment-179","demo-citizen-001","QR-REGISTRATION-169-20250815","[]","demo-service-tax-registration","2025-08-14T22:21:30.486Z","demo-appointment-179","GE-2025-179","cancelled","2025-08-15T14:27:57.980Z","14:30-15:41","2025-08-12T03:18:51.329Z","Appointment for tax registration","demo-dept-immigration"
"demo-appointment-180","demo-citizen-001","QR-REGISTRATION-170-20250910","[]","demo-service-vehicle-registration","2025-09-09T23:12:22.659Z","demo-appointment-180","GE-2025-180","confirmed","2025-05-29T14:13:41.789Z","09:00-10:06","2025-07-26T21:48:05.312Z","Appointment for vehicle registration","demo-dept-registrar-general"
"demo-appointment-181","demo-citizen-001","QR-EXTENSION-171-20250723","[]","demo-service-visa-extension","2025-07-23T15:13:17.318Z","demo-appointment-181","GE-2025-181","no-show","2025-08-11T19:57:18.329Z","10:00-11:13","2025-08-11T16:51:39.366Z","Appointment for visa extension","demo-dept-registrar-general"
"demo-appointment-182","demo-citizen-001","QR-CERTIFICATE-172-20250821","[]","demo-service-death-certificate","2025-08-20T21:52:33.030Z","demo-appointment-182","GE-2025-182","pending","2025-08-04T23:39:43.686Z","10:00-11:14","2025-07-30T09:29:53.741Z","Appointment for death certificate","demo-dept-inland-revenue"
"demo-appointment-183","demo-citizen-001","QR-RENEWAL-173-20250624","[]","demo-service-passport-renewal","2025-06-24T16:32:45.094Z","demo-appointment-183","GE-2025-183","completed","2025-08-15T05:16:29.286Z","13:00-14:14","2025-08-15T13:49:03.177Z","Appointment for passport renewal","demo-dept-immigration"
"demo-appointment-184","demo-citizen-001","QR-CERTIFICATE-174-20250719","[]","demo-service-marriage-certificate","2025-07-19T14:10:39.995Z","demo-appointment-184","GE-2025-184","cancelled","2025-08-08T07:06:32.262Z","11:30-12:57","2025-07-30T14:30:32.714Z","Appointment for marriage certificate","demo-dept-registrar-general"
"demo-appointment-185","demo-citizen-001","QR-CERTIFICATE-175-20250907","[]","demo-service-birth-certificate","2025-09-07T11:41:03.402Z","demo-appointment-185","GE-2025-185","pending","2025-06-22T23:37:39.935Z","09:00-09:56","2025-08-11T19:35:10.116Z","Appointment for birth certificate","demo-dept-motor-traffic"
"demo-appointment-186","demo-citizen-001","QR-CERTIFICATE-176-20250905","[]","demo-service-marriage-certificate","2025-09-05T18:23:13.010Z","demo-appointment-186","GE-2025-186","confirmed","2025-06-19T13:50:47.504Z","10:30-11:04","2025-08-12T10:32:14.653Z","Appointment for marriage certificate","demo-dept-motor-traffic"
"demo-appointment-187","demo-citizen-001","QR-CERTIFICATE-177-20250904","[]","demo-service-marriage-certificate","2025-09-04T05:53:28.541Z","demo-appointment-187","GE-2025-187","confirmed","2025-07-15T17:47:03.915Z","14:30-15:42","2025-08-12T10:27:28.283Z","Appointment for marriage certificate","demo-dept-inland-revenue"
"demo-appointment-188","demo-citizen-001","QR-EXTENSION-178-20250728","[]","demo-service-visa-extension","2025-07-28T17:08:42.895Z","demo-appointment-188","GE-2025-188","cancelled","2025-05-20T19:45:52.272Z","16:00-16:30","2025-07-29T00:46:21.579Z","Appointment for visa extension","demo-dept-immigration"
"demo-appointment-189","demo-citizen-001","QR-FILING-179-20250715","[]","demo-service-tax-filing","2025-07-15T06:58:28.490Z","demo-appointment-189","GE-2025-189","completed","2025-05-26T11:41:50.303Z","15:00-16:02","2025-08-01T11:30:58.412Z","Appointment for tax filing","demo-dept-inland-revenue"
"demo-appointment-190","demo-citizen-001","QR-LICENSE-180-20250710","[]","demo-service-driving-license","2025-07-09T22:51:32.839Z","demo-appointment-190","GE-2025-190","completed","2025-06-29T19:39:58.095Z","15:00-16:16","2025-08-13T18:32:43.559Z","Appointment for driving license","demo-dept-inland-revenue"
"demo-appointment-191","demo-citizen-001","QR-RENEWAL-181-20250902","[]","demo-service-license-renewal","2025-09-01T23:05:28.340Z","demo-appointment-191","GE-2025-191","confirmed","2025-07-07T14:38:42.980Z","08:30-09:42","2025-07-27T11:54:19.295Z","Appointment for license renewal","demo-dept-immigration"
"demo-appointment-192","demo-citizen-001","QR-RENEWAL-182-20250803","[]","demo-service-passport-renewal","2025-08-02T23:19:54.400Z","demo-appointment-192","GE-2025-192","cancelled","2025-06-30T21:42:15.720Z","14:00-15:01","2025-08-09T21:14:30.748Z","Appointment for passport renewal","demo-dept-motor-traffic"
"demo-appointment-193","demo-citizen-001","QR-RENEWAL-183-20250906","[]","demo-service-license-renewal","2025-09-05T21:31:34.049Z","demo-appointment-193","GE-2025-193","confirmed","2025-06-15T00:03:48.775Z","11:30-12:08","2025-08-14T06:24:44.571Z","Appointment for license renewal","demo-dept-registrar-general"
"demo-appointment-194","demo-citizen-001","QR-LICENSE-184-20250728","[]","demo-service-driving-license","2025-07-28T05:35:54.294Z","demo-appointment-194","GE-2025-194","no-show","2025-05-27T09:48:03.573Z","13:30-14:21","2025-08-09T22:58:11.092Z","Appointment for driving license","demo-dept-motor-traffic"
"demo-appointment-195","demo-citizen-001","QR-APPLICATION-185-20250730","[]","demo-service-passport-application","2025-07-29T22:42:53.316Z","demo-appointment-195","GE-2025-195","cancelled","2025-08-02T13:53:11.850Z","09:30-10:43","2025-07-28T18:14:30.944Z","Appointment for passport application","demo-dept-registrar-general"
"demo-appointment-196","demo-citizen-001","QR-EXTENSION-186-20250703","[]","demo-service-visa-extension","2025-07-03T02:40:52.990Z","demo-appointment-196","GE-2025-196","completed","2025-05-29T16:51:05.349Z","09:30-10:15","2025-08-10T19:22:33.294Z","Appointment for visa extension","demo-dept-immigration"
"demo-appointment-197","demo-citizen-001","QR-EXTENSION-187-20250817","[]","demo-service-visa-extension","2025-08-16T23:06:18.144Z","demo-appointment-197","GE-2025-197","pending","2025-08-15T07:50:05.396Z","15:30-16:37","2025-07-22T06:43:24.004Z","Appointment for visa extension","demo-dept-registrar-general"
"demo-appointment-198","demo-citizen-001","QR-APPLICATION-188-20250818","[]","demo-service-passport-application","2025-08-17T23:58:43.751Z","demo-appointment-198","GE-2025-198","confirmed","2025-06-06T16:50:24.496Z","16:00-17:08","2025-08-02T04:29:19.707Z","Appointment for passport application","demo-dept-immigration"
"demo-appointment-199","demo-citizen-001","QR-CERTIFICATE-189-20250820","[]","demo-service-birth-certificate","2025-08-19T23:54:43.465Z","demo-appointment-199","GE-2025-199","pending","2025-08-13T03:34:08.663Z","14:30-15:59","2025-07-24T04:50:04.176Z","Appointment for birth certificate","demo-dept-motor-traffic"
"demo-appointment-200","demo-citizen-001","QR-APPLICATION-190-20250810","[]","demo-service-passport-application","2025-08-09T19:37:08.315Z","demo-appointment-200","GE-2025-200","no-show","2025-08-15T04:15:19.544Z","11:00-11:32","2025-07-31T13:23:56.601Z","Appointment for passport application","demo-dept-motor-traffic"
"demo-appointment-201","demo-citizen-001","QR-REGISTRATION-191-20250817","[]","demo-service-tax-registration","2025-08-16T18:54:45.463Z","demo-appointment-201","GE-2025-201","pending","2025-08-14T00:23:33.024Z","08:00-09:10","2025-08-09T10:49:36.346Z","Appointment for tax registration","demo-dept-registrar-general"
"demo-appointment-202","demo-citizen-001","QR-RENEWAL-192-20250806","[]","demo-service-license-renewal","2025-08-05T20:09:07.021Z","demo-appointment-202","GE-2025-202","no-show","2025-07-15T06:24:53.270Z","11:30-12:15","2025-07-18T11:16:59.912Z","Appointment for license renewal","demo-dept-registrar-general"
"demo-appointment-203","demo-citizen-001","QR-RENEWAL-193-20250913","[]","demo-service-passport-renewal","2025-09-13T11:52:16.850Z","demo-appointment-203","GE-2025-203","pending","2025-06-20T22:08:03.347Z","09:00-10:13","2025-07-17T20:56:05.328Z","Appointment for passport renewal","demo-dept-registrar-general"
"demo-appointment-204","demo-citizen-001","QR-CLEARANCE-194-20250915","[]","demo-service-tax-clearance","2025-09-14T20:45:36.431Z","demo-appointment-204","GE-2025-204","confirmed","2025-05-28T08:22:59.127Z","11:00-12:14","2025-07-27T18:22:16.817Z","Appointment for tax clearance","demo-dept-inland-revenue"
"demo-appointment-205","demo-citizen-001","QR-REGISTRATION-195-20250823","[]","demo-service-vehicle-registration","2025-08-23T11:56:43.281Z","demo-appointment-205","GE-2025-205","pending","2025-06-24T18:41:18.489Z","09:30-10:22","2025-07-30T21:15:22.449Z","Appointment for vehicle registration","demo-dept-motor-traffic"
"demo-appointment-206","demo-citizen-001","QR-FILING-196-20250724","[]","demo-service-tax-filing","2025-07-24T06:59:33.001Z","demo-appointment-206","GE-2025-206","no-show","2025-07-24T23:41:07.041Z","10:30-11:59","2025-07-22T17:16:16.091Z","Appointment for tax filing","demo-dept-inland-revenue"
"demo-appointment-207","demo-citizen-001","QR-CERTIFICATE-197-20250817","[]","demo-service-birth-certificate","2025-08-17T09:27:45.277Z","demo-appointment-207","GE-2025-207","pending","2025-08-07T20:28:10.908Z","15:30-16:13","2025-08-15T18:00:40.600Z","Appointment for birth certificate","demo-dept-motor-traffic"
"demo-appointment-208","demo-citizen-001","QR-CERTIFICATE-198-20250728","[]","demo-service-birth-certificate","2025-07-28T17:52:58.398Z","demo-appointment-208","GE-2025-208","cancelled","2025-08-12T06:02:55.639Z","08:00-09:04","2025-08-13T01:48:55.918Z","Appointment for birth certificate","demo-dept-immigration"
"demo-appointment-209","demo-citizen-001","QR-RENEWAL-199-20250901","[]","demo-service-passport-renewal","2025-09-01T01:29:23.346Z","demo-appointment-209","GE-2025-209","confirmed","2025-08-09T16:50:28.927Z","08:30-09:52","2025-08-07T16:53:48.240Z","Appointment for passport renewal","demo-dept-motor-traffic"
"demo-appointment-210","demo-citizen-001","QR-REGISTRATION-200-20250810","[]","demo-service-vehicle-registration","2025-08-10T05:55:16.732Z","demo-appointment-210","GE-2025-210","cancelled","2025-07-20T16:13:02.384Z","13:30-14:00","2025-07-26T17:59:32.309Z","Appointment for vehicle registration","demo-dept-registrar-general"
